,He_x,He_y,He_z,Th_x,Th_y,Th_z,Abd_x,Abd_y,Abd_z,LF-ThC_x,LF-ThC_y,LF-ThC_z,LF-CTr_x,LF-CTr_y,LF-CTr_z,LF-FTi_x,LF-FTi_y,LF-FTi_z,LF-TiTa_x,LF-TiTa_y,LF-TiTa_z,LF-Claw_x,LF-Claw_y,LF-Claw_z,LM-ThC_x,LM-ThC_y,LM-ThC_z,LM-CTr_x,LM-CTr_y,LM-CTr_z,LM-FTi_x,LM-FTi_y,LM-FTi_z,LM-TiTa_x,LM-TiTa_y,LM-TiTa_z,LM-Claw_x,LM-Claw_y,LM-Claw_z,LH-ThC_x,LH-ThC_y,LH-ThC_z,LH-CTr_x,LH-CTr_y,LH-CTr_z,LH-FTi_x,LH-FTi_y,LH-FTi_z,LH-TiTa_x,LH-TiTa_y,LH-TiTa_z,LH-Claw_x,LH-Claw_y,LH-Claw_z,RH-ThC_x,RH-ThC_y,RH-ThC_z,RH-CTr_x,RH-CTr_y,RH-CTr_z,RH-FTi_x,RH-FTi_y,RH-FTi_z,RH-TiTa_x,RH-TiTa_y,RH-TiTa_z,RH-Claw_x,RH-Claw_y,RH-Claw_z,RM-ThC_x,RM-ThC_y,RM-ThC_z,RM-CTr_x,RM-CTr_y,RM-CTr_z,RM-FTi_x,RM-FTi_y,RM-FTi_z,RM-TiTa_x,RM-TiTa_y,RM-TiTa_z,RM-Claw_x,RM-Claw_y,RM-Claw_z,RF-ThC_x,RF-ThC_y,RF-ThC_z,RF-CTr_x,RF-CTr_y,RF-CTr_z,RF-FTi_x,RF-FTi_y,RF-FTi_z,RF-TiTa_x,RF-TiTa_y,RF-TiTa_z,RF-Claw_x,RF-Claw_y,RF-Claw_z,LA_x,LA_y,LA_z,RA_x,RA_y,RA_z,frame_idx,video_id
0,69.29201970941222,3.4319794294239614,158.3018978126833,0.0,0.0,200.0,-119.18281098062289,-8.775985477187362,94.04169217280926,49.16053666087305,16.009683209931268,145.99871871496293,34.46567559275809,22.38376781482384,99.41933421332095,82.38165483479406,61.11380052182875,110.62419794483998,95.79629853422034,66.08708118742157,61.32245026294558,129.02273896390784,94.93052601164032,18.712709053963522,-3.98248291015625,10.759156716953783,110.42151819374595,-7.698440792343831,20.515930656953458,100.05553406839084,-37.686401367187386,74.52192712046894,142.066556006336,-46.15725659890609,81.52500544461469,71.68269736831962,-77.36452910249841,132.12525867765595,23.07519982258549,-19.888916977969302,4.6553640278902435,106.68767783027391,-25.054978138750243,13.048384417187037,97.8083327017498,-62.32533779577659,50.70483687140762,154.59709556143343,-66.34754871671839,39.93677970929548,82.27579594236983,-118.34243437593591,74.56751941984345,22.696885234392028,-19.72695586031091,-8.26548839265655,106.14144927032942,-26.654798730936704,-16.797078897736867,92.60393272948806,-68.99038359468591,-65.74519420320343,112.12179774732738,-110.56844755952966,-70.02681041414093,56.998121242249,-168.2833523446859,-111.03358531648468,16.078022981948834,1.379672557657841,-11.749527699297175,106.24960802118972,5.281589061564091,-20.921585804765925,98.92164061245285,2.4010773784521007,-78.8384785495087,139.31094230660858,24.850588978716132,-72.88819820479529,71.25523726674976,55.13113740140784,-128.24214244539093,18.113758233020462,51.63403098679896,-8.40581758701677,136.05465646908635,29.073098883555758,-10.848209133732723,108.3749134846064,68.98336422139937,-41.36467496188783,135.09377840261357,69.08235184067462,-55.22833540515745,84.71674881947229,77.21306725768932,-63.247761503014715,32.129260369500685,130.39663282117658,31.201802908070192,169.5730715665988,133.5148560754874,11.015286502585411,170.30503776341254,29,0
1,70.382080078125,8.191070556640625,160.49656317343397,0.0,0.0,200.0,-115.57805596458638,-12.920130014466793,95.9714547442023,48.29416841336206,13.205322265625,143.57933234109095,32.7007623285906,18.202079009370834,102.23604303552185,79.6022683723487,60.56419182711198,113.44090676704087,90.5010986328125,65.5447998046875,67.52722068260542,119.5267333984375,94.85809326171875,21.221412276395426,-2.508611280757009,9.36870656961321,109.2341542189499,-8.66767335464624,20.42119383285376,101.94822609128477,-40.83367919921875,74.59796142578125,140.57118643177094,-49.57244873046875,87.39306640625,70.80333899329258,-83.22760009765625,128.74017333984375,24.708830450638885,-15.234666805675943,4.094260503967803,107.96435865362983,-25.506444223438507,12.448744396607651,100.31703592418171,-67.65259870588841,49.63138257009035,141.70551879541563,-75.75646346929216,42.75195912601254,83.55247676572577,-127.995849609375,74.216796875,26.1296052561309,-14.474368453990223,-9.428530184622446,105.86578709081653,-24.323118013076964,-16.96543126030133,93.39473130248302,-74.107421875,-66.02407836914062,115.42090748972316,-119.5989990234375,-70.53152465820312,54.032728280834135,-180.96752259505024,-117.67499820507214,18.074387528722127,4.039515249217743,-11.225540006496942,109.17596505620077,4.4847412109375,-24.537261962890625,99.58774879015277,4.16961669921875,-74.23757934570312,145.62767262758598,20.17178637333484,-71.36436720184633,73.99324023031807,40.3685953494512,-127.46543027271389,19.5017044870101,51.09117679595647,-6.1570394465167055,136.83257000031392,37.12445381422663,-33.03380603642927,102.39815027066959,65.81773900320104,-43.44539962781323,146.20290071878833,83.66661929640486,-40.250952725079514,105.42636651077976,128.36842220579547,-58.67828531375824,60.20144612436411,132.82474726864632,29.88786214058706,167.7696963922648,139.54500520586544,11.037426826254148,168.96372897977903,30,0
2,71.72004996854298,5.248166018290249,159.2579941639616,0.0,0.0,200.0,-120.8247733258163,-11.473380594215712,96.62507088719752,44.55570977013804,13.247202558117806,144.62455710756709,29.693276616505386,20.454962248290542,102.71265570206162,72.14882041696285,59.25874933721997,115.62335573338981,80.36654037302435,64.2570809051171,69.70966964895436,105.85436427284844,95.90123549598951,25.394003592521727,-2.035040024026557,9.611165915911386,109.14215478555329,-6.238165024026557,21.955892478411386,100.71900245801538,-30.597295883401557,67.08904067177076,155.5474076466886,-39.42828953574531,91.78963271278639,105.39667765601567,-68.30914891074531,141.36833754677076,69.27580785938613,-16.813257840044457,6.166453579951224,112.87431322321288,-25.031070907440494,13.418648077962132,103.08708613129821,-70.23637423701211,48.117310635393665,153.2608838254232,-84.08154335957988,43.72403303031393,82.00426174439207,-138.53088963340156,71.90413466591139,27.48301778077257,-14.956265135240528,-8.344108673085486,118.46726706026197,-24.327925962168706,-15.12491918142831,95.26131027868723,-85.62942031725765,-66.80147663570648,104.04124363911865,-126.03381932090156,-69.39963730674486,56.69961126584644,-188.52637303183906,-106.34128769736986,19.987157110837074,2.296014663473443,-11.13813217979174,114.10492603208309,2.749872085348443,-23.629861916119864,99.75188235039013,1.791565658198806,-72.46168600316872,144.0798352481661,14.091335555068781,-71.19504759770922,76.66689496682545,31.129863980612186,-127.55823507425242,21.91830589772303,47.265734038416895,-9.437960081906397,141.07485238569438,29.730608824472256,-29.277405700915608,104.88886091342692,76.1267289472853,-44.28706634577685,136.01563650546677,101.45110499550469,-31.375040138776114,108.10002124728703,168.67484248614028,-37.167250976800744,82.09078955956647,134.342139866794,32.29146300816916,166.5404727589954,138.01356667081313,9.940636961071732,167.34914788117976,31,0
3,73.94765267744378,8.516507760642298,153.79579635422243,0.0,0.0,200.0,-116.70678960035548,-11.340128632290202,102.60182250394027,49.90529609122382,14.92464521504047,138.27936320765832,28.657592565594996,21.607515774402998,106.26890481021411,69.41286263838128,58.46172870790792,122.65787938831386,74.23390756025628,66.3644081512673,73.81512000133395,94.88728890791253,99.1388222137673,29.13331978208322,-1.9888672784305754,12.976350405519156,112.22747981661638,-5.433806012114474,23.50606523042137,102.6528995063571,-21.479681191351233,48.963783570024646,166.83907428892383,-12.349893709274966,91.5399452606423,120.91853996200285,-20.01685976443673,150.37059697561608,109.02948672747351,-15.74405761920525,7.689776010900516,117.13599599067507,-28.41906129487029,15.690684590632145,102.68007650790128,-75.55036018781493,49.96659770715178,148.8244258320705,-91.82486929521247,45.79784931337667,84.53601599638014,-149.59971060380622,74.95904316103292,30.491594755890503,-13.702589696045038,-6.669459174170072,118.69319229134726,-25.75798138418986,-15.859997713076382,98.71407158485795,-75.40414697885501,-56.147926110841695,104.33693592478426,-135.6946412247537,-70.23540437029033,60.959446084085926,-202.69870962724372,-111.0523398956077,24.05512635512764,1.0779511069058572,-8.793701384121846,112.14250315496292,3.544061484430017,-26.196017802105757,101.25405279814333,2.2457681572061574,-68.42041966468832,142.34680131352889,12.196445344263225,-73.41939254747808,78.68612748404485,19.07566839917604,-123.29912421683662,25.316370600185337,56.41505107070907,-6.886349299241715,129.9951791431049,44.89980109470798,-13.98725383952592,95.18801985608047,98.2967308007336,-38.596813774065936,122.00594486923592,140.43678841963128,-24.6160605987327,99.85595827567761,195.00931767003988,-34.64421777482448,88.19750287186969,136.14903238658349,30.28083173235882,163.14017277360472,140.59292526275965,10.860920868699566,166.4331408843342,32,0
4,72.28717219459156,1.176793944682629,152.6414811849579,0.0,0.0,200.0,-113.394711142235,-8.666705485098817,101.50075501410132,46.68502365218478,11.21363763681336,137.28118330527002,25.932701382739765,18.464468829571103,104.96844967809233,66.43312184245133,58.95377596613935,126.92086900736501,62.459298135685,65.38132804137967,71.99704323398231,81.57190376878646,97.59343638907984,27.572417385784718,0.23454926907561457,10.855717707761357,111.8546876594416,-5.297613848342735,22.574662056834143,103.5536224582813,-27.18709287264744,48.455671355791935,168.50545418170614,-0.33740809128471483,89.59743717216992,119.93153927521828,5.5252982830305655,147.93613618691302,114.2189827041878,-18.980423575304258,3.954446562159603,120.45992412934712,-33.2372401340989,17.96493556691678,104.32368327346654,-81.67887193966703,47.7528794764973,144.31270957032396,-104.8652921969225,45.43180525708868,82.1229309768693,-162.5425382906725,74.00056136060431,30.578474102392363,-15.036606364510476,-10.428184412884093,121.81274306918772,-28.016802986478865,-20.035634638075464,97.945061100011,-89.80334471748267,-63.19320108608923,104.8376322451777,-143.21254857938277,-70.07732898097248,57.61688087887126,-206.99116722357633,-111.15297812917328,25.170300337316917,0.7422067739739759,-10.432743274354777,113.11036689301011,0.578348260033863,-24.52456504648802,100.26548077868131,2.7614778226087537,-66.58275162767694,133.5308534003218,2.9313386624525037,-79.31828629564569,80.90477148746686,7.245364541358754,-124.47081315111444,27.280845282560108,48.480532998390004,-12.196582194083192,127.77170592258312,48.819213988046045,-14.456474198539297,90.74107341503668,107.90935411592056,-33.61563689474036,99.95650209906069,143.75869517379522,-23.069385126426653,72.98899019437158,205.1727921657042,-36.74892516958033,50.76903699308468,135.00867212954677,28.151512469811905,163.32738592899472,139.69223765653817,7.646796389572273,163.2832204885948,33,0
5,71.50858719905591,3.459384315698287,151.49502783266382,0.0,0.0,200.0,-114.32701623213472,-10.451392033164154,101.49600256974149,51.10472280191823,15.303776932036783,132.25506712772386,24.28894324421003,20.605997007251858,106.09736612818665,61.80989819427077,59.38944654969407,128.35753708884135,54.599721833672106,65.033504901502,82.35850862553738,67.56886915301004,96.6900264238671,28.133758904495608,-0.5091992498369109,10.782198703936729,113.98101734694558,-5.584884173094338,22.9358980214418,105.40408750337423,-26.183740837498135,57.3323437946446,155.2974560611142,-0.7869469135811187,93.24717413028242,118.88542557499517,4.3831053310594825,148.8445179747959,113.58666596758121,-23.231007931353474,5.969994685585846,117.48275793224661,-35.468984005572224,17.829247615273346,102.44997564601024,-82.02490076088463,46.61481882634615,139.27935589807544,-110.33225250394707,45.922806695851534,78.11042093664582,-175.93346154463472,72.14458575003897,32.91138034945368,-19.522878048540974,-6.829901554648529,121.89341512359022,-31.113149044634724,-19.265234806601654,100.13112037859764,-73.30412446092271,-68.22959244618113,118.93448780137123,-122.81566010545384,-69.32973173706108,77.11990496691885,-192.59349478770957,-96.74678398471627,29.17437438500542,-0.4327789695228148,-10.399974178712739,113.09565049779303,-0.867698434203362,-22.697319736452243,101.79746321648236,1.3789163850527757,-68.0793827558204,131.9214195918546,-6.499928829790974,-73.11777386910165,82.65771090141322,-6.247182247759724,-126.3010624433204,27.439424156641053,53.45140564086296,-8.228585666480683,129.0915254718892,53.81772268454017,-14.41516888437144,92.67298797966077,105.13190710770903,-31.345251896445404,97.8113627312448,135.83270987154344,-19.20776858244227,65.21329258623234,187.67079932420438,-33.54406237164375,30.649423242698504,133.22584688581367,28.929989040892053,162.30204095941485,137.80695593583403,9.91039385550772,165.03615990254116,34,0
6,71.41132003893733,4.77192706367066,150.60083104896717,0.0,0.0,200.0,-116.60792305809343,-14.005777955175404,104.62973763091175,49.53470480228589,14.032349238850543,133.39690645142306,20.78575976454863,19.89761690329368,106.84128841018804,58.26152560556761,57.5952404197003,129.10145937084275,47.15578915203764,61.13479219947999,82.50555534499205,51.26276027436268,93.38073320379578,31.641754616489806,-0.6646929846323246,10.299750280142177,113.45927210624296,-4.439141091167812,21.668109449508165,102.8572742263452,-25.390984352886562,62.90758088505504,153.057000530382,-4.191111081825966,95.65952097516663,109.50400767536448,-1.068733546207227,144.22951230169213,105.21778208611374,-23.3860821985877,4.464248158864223,113.58589929766666,-35.87558153927603,14.80876408934995,101.67509690076685,-91.97663872277167,45.203342698494,132.66132375155198,-128.40648728257406,46.338946851851915,76.79031004655448,-189.9157035911678,70.99901154911754,34.24684172852881,-20.729442298714616,-13.585744328678402,119.84991503322658,-29.174795196239984,-26.996622242869762,97.45012947317355,-46.5644103876848,-74.58617633833512,142.603117251787,-93.16765977864748,-79.24372094975024,95.21473662719836,-158.1334102636099,-127.81005042747734,68.47244108563882,0.23488752949572245,-10.375383095894506,111.73496752269523,-0.3924491966365622,-23.855816331741835,100.1033612869245,0.8792525462101821,-70.20557904359248,127.18076393562433,-7.507433199371349,-70.52887291191632,73.5870179976688,-22.68884740818794,-125.99297226594513,26.75470043205121,47.21742616896131,-11.69287577044571,127.82536754719195,37.837910293115556,-20.686310651194958,93.17945114953977,97.30521998674772,-34.054105341772356,105.91477344930786,124.13328376897107,-25.539862013322704,67.49237685068749,183.34802262175867,-38.36053518927338,29.29896378057765,135.01868519833647,30.25394103399742,161.2553365537761,140.23045741098588,10.8150901851929,161.49091771338863,35,0
7,70.87928220460208,3.2133881542709446,151.75340175460843,0.0,0.0,200.0,-114.98109361348679,-14.933788808035501,106.80428299816214,41.72358152100833,14.683512853000366,131.59766427781824,19.34313850235958,20.834719750262593,104.62434937594031,59.38917062772987,57.59925311315885,133.56219910617128,45.88571800493173,63.092419290011094,85.73584399292929,43.23984939362401,97.26459899703929,34.280504167353286,-2.892894552993994,10.441344151859369,114.09207763409174,-3.9579370336791726,22.673930333469116,102.32095378000054,-24.783559592272923,60.350871251437866,159.47628305423444,-10.749303907441117,100.2791116852909,107.89524903006517,-12.912476630095284,145.32499153135223,94.07707423330115,-22.99886330296306,4.505823400400914,111.76310648647228,-32.94402101805417,10.92878262839099,101.95901196122597,-95.15231674847325,42.76463971996259,128.83698884007487,-144.40049737949494,46.718065690776484,76.4589362391489,-205.95909670164792,72.55853710034626,36.22255869587218,-20.608280783802797,-10.984148524200123,117.99905515004968,-24.434987814929173,-22.344929529812134,98.51714874206232,-30.930072138328796,-74.97758437736388,152.44134814034408,-57.87517336180417,-68.43416292824963,91.30757865923124,-110.71254453182132,-125.99228980276928,43.252688785444434,-1.028710957760154,-10.502804041592753,113.84567520044993,-1.3790205291237498,-25.993695643031515,100.50820288472562,-2.267058278326658,-71.94337979060833,128.5736202845494,-12.98779895542907,-72.86314669823673,78.15549224903634,-37.41467030684305,-124.94468002805831,27.74046712264044,47.39675566492474,-9.728893623465979,125.06674878741114,38.13855954835208,-14.022236658718384,94.18258524400562,94.23920570652172,-34.868844793287394,104.66085583122572,110.63491684555333,-24.9984292506507,69.24786151600256,160.7818907406819,-34.23131698419388,30.45984585756696,131.94111761703516,32.90858674008757,156.0497593130608,141.23432656689135,13.954604676130032,158.98308247722412,36,0
8,72.63066095113822,3.194155855959707,153.24223731290925,0.0,0.0,200.0,-111.5709210083545,-17.83973323678765,107.95610723009278,48.17828568939888,12.351402672338338,135.77831626687822,30.249607624092846,13.586894108997058,100.5785737926962,44.60104117182527,43.45387056266293,147.3055067605809,62.99946559731302,56.882075775847056,111.25694454690594,92.43568385903177,99.07863949655018,76.75660667958186,-0.44139283240679106,8.597138653959064,117.69616853503993,-3.0755466097182307,19.65066098092518,102.0116538392561,-23.77293430503073,57.24422787545643,161.87783902595288,-12.571775531104663,94.31332994804609,102.51734581033392,-19.416264610933126,145.89184192295227,93.90402370440546,-19.79155002768698,2.8856463324876813,111.11688753113702,-28.61582981284323,8.168696869597056,102.73229828520948,-93.47000314707043,36.548410277226935,126.20346224867507,-153.8387307185767,40.640867908754615,74.16341233725714,-206.00128178627347,63.07829460622605,32.57288375771745,-16.14384494956198,-12.664005767121694,110.4942707011669,-19.67469838085924,-21.62283755423107,98.30795288700187,-21.520848956462032,-71.82329100973845,146.04217755655122,-40.824242851175995,-58.53464175344982,87.21641515037845,-81.92601047690573,-103.63376284719982,28.03635388382031,-0.0854370940417084,-10.57299334143886,111.89325824775449,1.035160455058417,-22.166847692106444,100.10372184546736,-1.2390582971859203,-77.99244412059431,122.71662186888102,-15.091929363731992,-77.53381943477939,76.00613841543418,-44.26404102372703,-131.94621014954794,26.06227719414494,52.342665115152386,-12.127706285249985,125.72081697084752,38.35365260903177,-12.916721831574819,95.75291201714856,86.80906858001231,-34.50738173057164,115.21051678349352,108.72407497231302,-26.912788584366922,71.00144000708679,152.39526323810264,-41.22467878815144,30.516527559269775,138.21076424455077,32.62229352677946,154.1613064535582,143.7321623675316,13.897146106134983,155.05491915730113,37,0
9,72.30241618920445,5.830585488420752,151.93952399322936,0.0,0.0,200.0,-112.60625690775544,-16.310604276925233,104.44069927283263,50.063498620766154,10.36762033919291,135.11933997247536,31.204935288870274,15.80949059176703,96.82044406378867,35.6895223950163,47.86531061442548,148.70615955345394,78.70502970823884,58.17300721532189,120.07743399730856,127.4017514116349,91.43029130532375,114.9356534531739,-1.5800333460697402,10.323310059283926,112.41436358361128,-4.865887748521345,20.88903153969875,101.39002586051117,-25.729962455552595,58.856286178370624,156.94670219085248,-19.79221445278654,101.17450550190551,107.69845633590654,-26.253120039017176,146.7198203076652,89.6350802466705,-21.246686088365095,0.7878962857924989,116.46954860032082,-30.137738334458845,9.293725143214374,102.54986465809401,-97.73075650470582,36.29982895490025,125.02685474173632,-149.87390457073752,40.35677722273698,70.57050406970438,-218.56459700052392,65.76119732756183,30.44178479816901,-18.641110516426124,-11.215435219957953,114.89022717321723,-23.170483716618037,-24.372712596482415,95.15335488488745,-27.060905127223236,-70.79961799046248,144.71358180164486,-49.984112846177595,-57.51886640952,84.73239092690062,-87.73600493602135,-102.51636396811375,24.78473121080981,-0.2914002920301755,-9.4044781972662,109.18749594825772,-1.3651011735911425,-25.124277870001833,100.2804011509271,-0.7967349164900952,-73.7531193392075,125.39141723196985,-28.743634330552595,-85.38996015952,72.43564363445046,-46.133954154771345,-131.03967939780125,24.941921432929007,53.99590437905272,-10.224657061254106,126.97589015971573,36.573504341322405,-16.513249319777913,95.62925150034494,85.27246343909155,-33.50149465739753,114.39748941385369,106.83294590666742,-27.408985255663538,69.03946788272049,149.5759783928147,-43.161417446759515,26.894410141396293,135.2732214980872,35.69627461401251,157.46014062061892,140.4120926600424,16.011330865595426,157.45893710089604,38,0
10,71.48617102948083,5.752235801329334,155.53013435120394,0.0,0.0,200.0,-114.49533531817542,-15.282310097108166,100.73729842179742,48.227478587356245,9.704949320788728,137.17310917170073,38.44411780682458,17.920326621641834,96.36844588168793,54.7674095512009,55.86692787393065,139.48397553671174,100.3247182891746,58.685789911997404,129.3139584578051,149.4407212338989,91.19019198884286,136.65587198256964,-2.1004126886158474,11.53443347946643,109.51183886615559,-7.0386681395305,21.210134944435538,99.97997836111259,-27.77042076739417,58.849586875548084,155.9897422692261,-21.913903721825818,96.75994447452445,96.7365546409425,-33.96453894326328,145.13373777613162,86.94250385728017,-21.55581259968949,2.6274724534157485,111.97504818360423,-32.24649498614417,9.871010215391834,99.84633690304594,-99.99162917618969,33.246691173174554,112.33414051007153,-152.22482750567542,38.61493721734496,67.33717683468728,-221.93051598223792,63.02655831109496,30.251386644076263,-19.25479576739417,-11.016990272889416,107.74464159786316,-23.85477135333167,-23.62902030218629,97.32610088565525,-31.071762652193684,-71.86021770126354,140.39944608714973,-52.77048180255042,-60.04973563421754,78.31562727970174,-97.69656822833167,-105.85784110296754,21.292153890134387,-3.234165884581671,-11.054404823670666,109.50623465954959,-2.916783072081671,-23.49681815374879,99.43255865463357,-2.930271841612921,-76.43913993109254,141.0274405036006,-24.350486561266734,-83.64500774032604,71.39727439777721,-50.84066153432582,-131.09819754828004,22.052561823360747,54.76198079234905,-9.858074094782296,129.4880538144546,33.326555864517445,-13.646309204604904,98.61111283024093,83.56820227948083,-35.58617362249879,114.58154838065366,100.49404456463708,-27.63396414984254,69.6728408368308,140.3444300549569,-44.70601604006356,22.830806343935137,130.01833509239827,32.69791744111927,162.74855783600594,138.28367349929067,13.885208211351255,163.22877399696654,39,0
11,73.42290851475889,5.256772947939567,159.648477387328,0.0,0.0,200.0,-113.16121290927526,-12.379215060589843,97.77741610590141,48.618733453249774,15.629938101131529,137.67198556247735,42.18342053821186,24.96559079047063,97.22587447448663,83.61057400393804,59.73028375033175,132.4532556850248,122.6765241239957,62.9184771985789,102.0297262509159,174.07773862861063,91.14249673330016,94.83663082507849,-3.902521767018584,10.395048727279232,111.80347626704258,-7.957485446006217,24.030734252995558,101.55451135795545,-26.234623223522362,59.07360644403332,155.95481184436005,-21.988895684459862,91.84103198114269,104.50296144827595,-38.10382488367861,145.66460986200207,85.46958761178664,-22.468310392674425,3.139678266384408,111.94011775873821,-33.43517650344563,13.040646585578884,99.19444756763323,-103.00671178624964,34.28028900996344,100.62733231727071,-153.59851482508486,41.95626635614269,67.98810965128573,-227.60705974695986,63.07766528192394,27.667006339369266,-21.026485786475746,-11.877408673735204,112.01555083344351,-23.853382954769245,-24.087212819579918,97.65368220234541,-40.02118819507257,-73.48194695646589,144.14224981765972,-56.024649129551904,-59.7026749777682,78.58665766615036,-100.07556560633486,-106.01593213018543,20.5449477549912,-1.9406905367106901,-9.744725627855928,110.70307127108117,-0.9440348446161124,-23.259584473935433,100.86084682243597,-4.50354896274996,-70.55356125157084,146.62185668427662,-16.469894125065707,-81.29538469838803,83.93523726657611,-42.550084633348206,-136.39208341754556,35.44393959995955,53.246566511786455,-10.447022154670833,137.62843711410892,32.82549640538389,-11.251009034482308,101.89101344820938,86.3423061808453,-38.49371224183301,115.77838499218524,98.80532815058996,-29.40967208718837,70.86967744836261,138.34410501764205,-46.70973643922605,20.555869611405342,131.91973901470226,32.487892062611934,166.06376752743077,136.22622881864982,11.475234599187615,167.20302928374724,40,0
12,72.23475066421418,6.240865790863836,151.87802401244068,0.0,0.0,200.0,-117.50612674958404,-15.040972721751132,94.9231091368793,47.589670097807925,18.443258368988836,135.42253589597794,36.59836762707687,25.30349002846549,97.40424677686474,91.03667491295107,62.312818164896896,118.43820724627275,123.92551315849323,68.7262843882636,87.08090013182633,176.25698242766828,101.04804295342524,65.13411735665625,-2.1702786326608248,10.437887275238836,108.24870221884822,-5.761709296723325,22.451742255707586,99.1222348969437,-27.244680488129575,60.429708564301336,158.0007395074132,-26.531728827973325,93.00200470687946,100.66756300328595,-47.321096503754575,143.38835724594196,80.7923159764097,-22.54104990182475,3.1670701944261737,108.6659681073395,-31.242910468598325,10.942220771332586,96.06061011463234,-103.10477466727446,37.62104728659466,120.25515001372256,-146.70049103500457,35.39824494125446,70.45027755367477,-216.57561310531707,59.705282294770086,23.111055427056897,-18.576284492035825,-10.205820000151789,106.72383054901582,-26.412099921723325,-22.82544890640179,94.22445406352506,-44.97944660411804,-72.48755218634597,139.15237310071188,-64.19841583969207,-59.89655486343304,68.54728948519141,-109.59172638656707,-105.50269500015179,14.063995563609751,0.588897321102877,-9.508821883929443,108.61558810103202,-0.9345766939751456,-25.93988267494501,96.93718493820074,-2.951435928000933,-62.938448732748384,144.7321065945922,2.2788180470266752,-80.90729705093304,98.6052405682974,-2.1367092967233248,-154.52143279312054,60.0546474329235,54.104976801271846,-13.840969252415903,124.21685996183203,37.61302910731854,-20.001339086456255,98.73437143618844,77.07172576187043,-35.09766570327679,119.12487258130227,93.14893523452668,-30.12207976577679,71.65217392693285,127.29730907957014,-44.0639054024698,15.744039360963257,132.13115832118785,31.968008280536935,167.5494285822814,137.8319885308357,12.015172462070723,164.55220619994088,41,0
13,72.56119712456973,0.5767885571395368,153.74778567381662,0.0,0.0,200.0,-116.77217689886777,-12.272576677235463,92.93823859487458,48.00388511285098,13.014166486827037,136.1124631459211,36.08725913628848,21.008429182139537,98.59440974882983,94.37280622582864,59.549806022698306,113.67951348422969,118.79966148003848,66.59216941651454,69.72844256511254,160.35868247613223,87.39533103760829,34.941241953993114,-5.1956998480865195,8.524206770030162,110.43933663485714,-8.92549721136777,17.288519514170787,99.31192642486496,-30.24831215277402,62.22205222901454,147.51629438567846,-34.22676674261777,91.13156760987391,97.79950386497487,-54.557824795114925,141.4064473652403,75.76912474931731,-22.29231850043027,4.052496564952037,118.6102562146882,-33.96871010199277,12.867285383311412,101.75289458479472,-77.54096925473607,41.49977469441791,151.1389541698849,-127.55887406653926,42.262409495324675,94.41038890286012,-190.3316721845723,67.8884971108447,57.51226044218026,-18.20516029730527,-11.983361589344838,110.35159393574054,-26.21278969183652,-24.522027360829213,94.43023842395667,-50.51076332464902,-70.07158790770421,130.3138387196998,-71.21632973089902,-62.14489113036046,67.13915334438138,-117.60787025824277,-107.03081642332921,15.382186117852598,-1.1914884223052695,-11.989037858876088,109.78432599723567,-1.0624601019927695,-24.720757829579213,97.8196034969585,-9.25862709418027,-65.61394630614171,148.19139919036365,23.24845298394473,-82.32305275145421,94.90654972791981,40.51719077691348,-160.3092588061417,77.82990690099314,51.95774253472598,-16.041955339344838,129.76628372095888,35.60032065972598,-15.855828630360463,103.51073298421124,76.65964683160098,-40.43285499754796,112.90626246825366,81.66159995660098,-28.281182634266713,70.12492876542183,119.09629233941348,-45.41845070067296,16.051823801291675,131.0799315415819,27.74837608744707,168.7228090484624,135.45289444206662,7.202586972005861,170.6896726143143,42,0
14,71.5337815882117,3.92706298828125,160.90985752208235,0.0,0.0,200.0,-114.27658218131955,-12.34576416015625,93.09195416662425,48.39227321005774,13.584643881009868,136.23553085535804,31.063959512741008,21.407485146108286,100.37619108990293,82.03928943525204,58.50697939839819,110.1165509011417,104.66787582649295,65.99978637695312,61.37364060174221,142.3379808069617,91.2027587890625,18.845776376320515,-2.8981642125695544,11.713134765625,112.15515701669477,-6.452973782882054,20.688995361328125,99.38514399617151,-31.533235013350804,65.43179321289062,150.28807371714322,-35.872163236007054,95.01824951171875,96.77123036522372,-57.087129056319554,141.17306518554688,76.94600624501064,-18.838022069862745,4.140147325025794,117.13540069796608,-29.625499415413515,13.576364743859585,97.58137029881922,-52.249759666340765,44.97981445386978,158.71218417087707,-90.81081923417094,50.39559570163556,112.59175671758209,-147.3617262242883,82.91851806640625,66.7154571109399,-17.978149604396776,-10.641981787791963,109.23930954845423,-26.66016519758955,-23.29054754859476,95.00903915165213,-53.263814111098895,-74.33125907516933,131.50950923190237,-72.9612135289758,-62.0869140625,62.46463857788967,-123.65916524700026,-105.21824440994601,11.508528663244078,1.3789964319616956,-12.331207275390625,109.05508348401361,1.7808519007116956,-25.2093505859375,97.70490583148126,-2.6054396031945544,-72.72520846649286,140.95544780609714,31.727748578857472,-84.45964955286036,90.34287102505573,59.805716150066814,-153.70321907833988,68.89341835583423,50.789885103836696,-12.83258056640625,133.0719621970651,33.03496756252957,-13.75714970890175,103.09733668944546,78.9509037489945,-39.62608092208393,110.39648699982149,83.99305325510181,-28.72235107421875,71.88657948311277,112.58753446833543,-45.505748587695166,15.36641919933561,131.47037681256813,26.820978772732815,170.50459038953548,134.1929009614454,8.464140927651613,171.87016550706517,43,0
15,70.14213414988114,3.4729176092344005,162.9973030181656,0.0,0.0,200.0,-115.5483565727751,-12.447645134906224,92.37287908821538,46.80257603508937,10.907935915119651,136.67638482517134,28.25613744811028,19.618981452784737,103.4395826743567,86.78156373866489,61.097198898904026,111.86867367827523,95.52045996253753,66.35373975201219,61.814494571555485,136.39811559519364,94.26448255064065,22.171421722238335,-3.837738359262744,10.729377144731188,113.65510326842585,-7.742570439962606,20.2236500311094,99.37203109548781,-33.282609502462606,65.7121754217344,154.43587348560015,-40.744645635275106,87.29472547056253,95.3291185450999,-59.438568592527645,137.56152786084527,78.49794118769287,-17.201969263378487,2.941921683735245,118.03567827437308,-24.970747618058,10.196855340325783,97.00782369111053,-57.95343209360021,45.40625235178436,158.09221819632876,-66.11445294342514,41.121723616337306,96.60552899841943,-102.55571970309802,72.04065439811382,30.274885516718058,-17.062322257779556,-11.49336003736721,110.65347929384416,-28.152177373556356,-21.69340319154685,96.34041170910518,-53.294145146993856,-67.03458971498435,132.45506635795653,-74.54560999074386,-61.9739818048281,68.16373820465878,-132.0549483696501,-104.2945384454531,15.599876999095613,1.8388144533997774,-11.09222882466247,109.61482517866898,4.652876337381144,-25.18351549623435,97.87883209473773,4.564741571756144,-79.1160716485781,123.4396459331474,33.691389520974894,-78.6209544610781,66.45894091277205,58.420759638162394,-141.43620104310935,21.94203905233735,47.67195227599257,-14.066905699038216,133.8729101236255,34.12786213797335,-22.920118048102267,105.64803639288277,73.29733006729418,-40.48996171765782,118.55630804767975,76.11074865028047,-28.728578057657955,73.3728931354085,105.46145586521504,-43.71679100635242,17.879568672012056,129.75530981449936,28.512060646117448,170.1324576988102,134.68778567337006,7.310095635188986,171.09584359664177,44,0
16,70.40295159902075,2.937456969713253,160.7534535256654,0.0,0.0,200.0,-115.82934820566675,-13.384137268567997,93.15858069783015,45.443051696677,11.499163512682003,135.74339602344045,35.73908545943573,25.118155968238796,101.99939760805788,82.1544887072838,60.67043603406398,115.912991739348,95.21178948964575,64.998675231432,65.06244353457964,131.94811761464575,93.71110809276013,22.831171116604594,-4.308046936135497,10.858385924791378,111.92574536864637,-7.919558166604247,19.843523864244503,99.63359594082979,-33.30639898691675,62.460272826820585,154.49834605642997,-41.4501367798855,93.103411559557,99.37343660617267,-66.22253668222925,139.71446502635388,84.83635512598306,-20.961611389260497,6.633990172838253,116.43163738843032,-27.26597014795675,15.913831886342052,98.46394218352538,-54.72222373118507,43.47945363511576,157.14633979326015,-65.02468450639117,39.95023700049296,91.97907080496961,-104.3271134497669,70.89433522300243,22.986501386436316,-17.286270144433274,-9.618603821302372,111.12981854559598,-26.02100802250061,-21.73157282586442,95.72951815394106,-58.37173921860608,-73.79158323187346,127.99672784226277,-78.60681402597925,-62.24252307965196,60.68519535395535,-134.98248716722605,-107.39392990209001,18.363708123000833,3.852109313864503,-9.784863586927372,109.21767856575661,4.627988220114503,-25.722790833021122,99.0317783070343,4.436887145895753,-79.57032501270862,112.35515220765251,27.925922084126,-80.71738750524548,64.62331237862736,54.463559509177,-142.04047882130237,21.844434185153887,50.320905670291495,-10.957547882807603,136.89571458673947,36.92992913808325,-13.593243713880497,105.1561862304884,72.64875259370262,-41.87242187498032,122.89352571071981,78.4800390013645,-30.086560364271122,78.36031075480298,100.22764810493732,-45.022376433878435,18.918507328733313,129.440214722031,27.534283537465512,169.0003766225672,136.41771978659392,7.292383147118414,168.6580613856412,45,0
17,74.3017578125,4.014923095703125,160.8578777500445,0.0,0.0,200.0,-115.53674316406239,-10.023955285671889,95.79176631838155,49.71437108573957,13.834903757131883,140.55005635125914,32.67912743454872,24.625174184899265,104.48722748906798,77.47579642215965,62.175210138748184,118.14028305884602,87.1318359375,65.99398803710938,68.74062992125803,120.0916748046875,98.8656005859375,26.992989192343117,-3.31679314370831,12.41318732504169,113.47784724431176,-7.017847816340236,23.32986642934719,102.81297704257179,-32.89337158203125,69.69985961914062,159.30500638424866,-49.130958736229104,100.80988228361974,101.57645017226872,-73.28175896402092,142.18553602703645,82.18444584690707,-19.99605339761456,6.479989290401022,115.38009250237309,-26.707100192569442,14.902566194697954,100.66695574962145,-60.14872807194797,46.294696489751686,161.95300012107884,-69.8351616862708,42.96861110170482,96.7857311327883,-115.25183068172794,77.48055588620542,24.841048702369278,-19.30142404653475,-8.830193301055601,114.11353689427528,-25.02777099609375,-20.8924560546875,96.44416713959004,-60.35321329085059,-69.78949461403818,135.04651996202415,-86.6932235161737,-58.96920380996528,62.672179274999735,-148.89569091796875,-99.86248779296875,25.269866322878215,0.66259765625,-12.37762451171875,110.02002117491838,4.60235595703125,-24.90753173828125,99.42202682074242,2.566705472498029,-73.50229211629915,119.13480784307967,19.53683438230405,-74.61883544921875,71.813113467319,45.79437255859375,-136.94683837890625,27.824303654001824,51.77795042379864,-12.825409602958075,142.43713929361695,31.780580301320356,-10.951936280576547,101.83758788511454,77.95757207746408,-37.2344409094444,146.43440358631483,94.88237102156074,-33.749356705606715,99.80684329309724,128.99074168738798,-51.66974803154926,54.10427536287784,134.77266762986756,27.486706436391273,165.4387578345785,139.82870544306604,9.070085750672092,166.92003418466584,46,0
18,72.51572849439299,3.7052545962124555,158.347752959427,0.0,0.0,200.0,-119.03366073015127,-10.045597424507946,97.4132383028552,46.75618325390121,10.892786188888465,137.41598588143074,31.39354980094538,15.42992094106188,102.21990332031825,75.52640695203593,59.90403450949424,128.0604409753752,75.74193300375873,63.73620515161076,78.10821889687907,101.52488376783049,98.8079767641812,30.945156911685217,-2.68689953282842,11.207716559085611,110.97438122846438,-6.112933614982012,20.51613716457183,98.62801959747716,-34.37660548998201,69.53487495754058,156.79058859856323,-49.70150735408606,100.03321571817986,97.93561674056662,-77.13783595873201,140.24810127589996,66.04955516053965,-18.722732638116668,8.08599925552113,116.63558581046823,-28.16405256334133,15.402734406690001,94.42151555160956,-63.81965968920076,49.18502144191558,164.14254734699603,-76.01918361498201,41.105706256368705,87.6136508225174,-133.6926455290445,77.75502876613433,32.88965962078771,-16.640123450237525,-8.450280230978024,106.2317544427483,-25.70191756538759,-14.730007005766083,95.00822310632327,-61.751204679879834,-69.25264028238433,128.64459004555943,-98.65751513109433,-59.89998770203937,64.08451031359368,-163.94663905554512,-97.49311879800933,27.97709747476324,2.077312967049238,-12.56168265964692,110.83578466833899,2.486431619392988,-25.156256634256295,95.3821268809669,2.479778787361738,-66.4046697201938,144.52217205980673,14.303143045174238,-74.2791814389438,80.21678565624097,27.058880349861738,-133.32807059910004,28.950465940658205,48.27522465524635,-9.037063034363769,126.2646116771117,39.60154392408049,-12.94840140964692,98.27234213960753,69.44217850852135,-42.61604659720439,137.22177957384815,101.96935965817283,-32.37334522728719,115.24262936764899,156.08984773316638,-40.55481023824831,94.37431708031568,135.2534372183204,26.20609761142481,162.8157036501803,138.7516581658184,5.398136959424448,163.06105083514126,47,0
19,72.1909100926407,1.7197772813215693,149.50062327109907,0.0,0.0,200.0,-119.24408095441481,-7.628097382841531,101.66856139929537,39.557539141648476,10.958395057833116,139.20864004364645,25.52021395734164,25.380838927874493,106.41016724597017,64.58878471156618,54.6054734720928,130.6639339306554,64.59039795366482,63.08338340599448,82.07180125533503,81.86192152302306,98.76693129301418,33.77533143416136,-2.556605988781257,10.269878334074292,113.25524893405264,-6.344081574718757,22.565380043058667,101.8514611250634,-19.128871613781257,55.76850504305867,177.8023938648641,-31.606715852062507,84.49186319735554,113.94472573917372,-61.03768509034376,142.40958780673054,78.42860703198332,-19.20560507876064,6.584561004495356,118.14750248595033,-27.951323661564288,16.51768272710632,100.98670698829639,-70.51595491606167,49.008951050961684,154.73191724089014,-94.50390976044821,47.41911293990648,86.57374044110003,-148.70578320825825,77.67177493531858,39.50586537484534,-18.570967163018167,-7.9371081346305346,107.46396041629771,-28.377196795785494,-15.868491682458625,94.332237016411,-77.84982617700825,-68.13899286033029,122.24402776526222,-118.77719102375659,-59.92268426658029,65.20369816522862,-178.99720111966576,-95.42115788706496,31.34125870742787,-0.868470427098714,-9.90773927807129,109.77001474378733,2.233223099472866,-20.762812958212635,100.01863293801387,0.09612354333148687,-65.72581337995211,139.6069418797308,5.821488797293,-74.40269044868819,84.84764513125083,8.760525385491746,-132.74886111755154,28.950519156543237,53.03521964258516,-9.101608672970315,121.33612780190333,46.59301674360904,-23.251003632612083,92.12653951843049,86.897059324211,-39.44433638181226,128.31034466422943,126.31022025844129,-27.22859330793949,109.9083725771178,181.78230287215695,-38.029832023915446,106.08252273334392,135.41407234541862,26.799894640157447,160.20552055995336,139.4884085540234,6.061658484519853,160.5672044518701,48,0
20,71.46602935118972,2.099404235320776,148.65085162848027,0.0,0.0,200.0,-121.32376045945921,-4.011908357936704,103.79740383301018,40.81300634792569,12.07210875310301,143.27483818266973,22.586362014043516,22.56285214537172,108.3374496351914,65.41295789109165,53.252362447997825,133.00564563011702,56.76031356170506,67.22784291537715,84.41351295479666,72.77173902136917,104.50779173967857,39.43247761554602,0.08244125788621659,12.169226091772202,108.03476113560745,-5.6813911983590515,25.31295262262904,94.7742788912092,-18.441330543734693,44.48949632680228,172.4425890686894,-7.205862370837735,74.63519031078835,118.84157726332452,-10.636936957404032,138.39475335641453,88.14612236592049,-21.0049469682142,8.523787705845507,122.22313821681982,-29.7637570456684,17.032281095188353,101.96193999636887,-81.14798432068528,55.891945739227026,151.5939525049511,-101.83719330506028,50.935524840789526,87.11959179618665,-160.75097762055498,81.53403088124088,40.97267075268837,-18.732113790658104,-8.975607425803503,112.41981135424749,-28.581270885197796,-14.877404415010346,95.86094182200566,-84.79627161448616,-63.1581990330302,121.81436335236822,-129.55953926805273,-56.91252156270059,69.83315207549788,-189.39798432068528,-89.04335699514797,35.934126210033355,-0.06482718905192542,-9.464793972222424,108.67781248186259,0.951808159783468,-19.448630432647974,100.45529313214195,-0.8596462320471119,-61.5997243892831,137.85951285092608,-0.6706157285254903,-72.80878674745941,83.91245584056412,-3.006138617560282,-127.01454840139797,34.8298788378039,52.345636807196115,-9.182583418712738,125.44259784752478,47.95424102269885,-15.047503847698408,88.49971384397168,106.42495617402881,-36.596789004873926,109.87969585548535,143.28317550620875,-24.328977689212024,89.09644530248079,202.59824691187373,-37.84055502618173,72.81139679857756,137.76754302306472,26.1151818232114,158.10455005363806,141.82595366759597,5.542122741180151,157.7996338574202,49,0
21,70.83174865505339,2.181147844944519,150.23435104609496,0.0,0.0,200.0,-119.51747615265913,-6.931957510614552,105.2100799193915,41.21000263280939,11.082854770867755,137.81934996205595,19.02469300690018,15.093085376177669,107.48849610201123,61.68185397693719,55.42729831894263,132.5196900246175,47.74581651333756,66.80484148294249,91.17473790339491,59.12461005628484,105.80254337314352,44.441342246940394,-0.6388157939549046,11.660253442943883,105.66140221080943,-10.21174738234481,25.438589047627715,97.33801322208433,-25.983160986912708,42.91192968697749,161.0906686380212,3.472032673689455,77.78918694316678,121.79647279263057,15.452743475130546,135.18211592013085,103.27883519109281,-23.402350306458402,7.619485225923995,120.58982236278987,-35.31635510544697,17.933113331722666,103.06179744207222,-79.64697973688021,49.875118911152356,150.3022833133878,-109.13603313100589,48.47721901821603,82.75310264242339,-173.8606215520033,80.9378770394519,41.20322432378333,-18.99185842988868,-10.960439266593426,113.56098971900883,-31.089043913585783,-14.432519927766634,98.17075291136302,-91.12185758810642,-62.28028414620337,119.78170659419891,-136.65189806007152,-59.31216904513553,69.88586242744896,-204.43904702976783,-93.21417657533118,32.48919650493963,-0.9911120182996456,-11.142558358416181,109.80175455447159,0.5992049118547129,-23.687811493610866,102.18078785920125,-3.0457598467683056,-63.4293025567755,151.6160606669896,-4.978747632393379,-72.45150756515181,84.90916174521647,-15.212260621753671,-128.37405634657534,32.5330064847376,51.966520573204775,-9.21048623161613,130.50905551970618,58.34847958097839,-23.92890518150091,90.22520857103098,112.58729707762257,-30.844869658999983,94.42100882346335,145.7780323210535,-20.514749279106923,63.03919553852393,201.0281775406536,-38.26312497655442,39.0429617854943,135.2965383208159,24.860732205216493,159.5460541618081,138.89953665657004,5.919547836650622,156.88752625938298,50,0
22,70.40599758621488,2.8441023638370666,149.7282377475958,0.0,0.0,200.0,-118.51807299382904,-6.759696254604876,104.25920142990547,49.019287032338866,12.227047876543736,131.57506459139492,14.883218530337786,17.00950236357926,110.98097830353521,61.00092799013146,58.79633911141178,130.58209038754794,45.79135913366508,68.04451756716412,88.6481308673178,52.88131458278849,105.02758458745717,44.193706517267515,-0.02627129128791239,10.93730090673131,115.54071801712465,-5.917457996772782,23.51508210569233,106.32742896970782,-24.032330442234297,48.78682446841776,163.3111316078164,1.497289509487132,84.56275247586387,119.65903847005262,12.669424865471456,150.30074194206458,102.36161211037935,-19.6149150806325,5.009242127147388,120.8933192089589,-36.422082593987966,19.70829103350127,102.7200601351237,-86.8024706784413,50.30781628076869,141.53597848296934,-115.40446989757015,49.54068038675916,80.00434604305488,-174.76577538511242,79.73530697026217,40.52075861816152,-19.600228963248355,-5.959492697889743,114.03185860738529,-30.767115670007,-16.563519017869396,97.85022499793217,-84.03702606405818,-62.73179944157533,119.78971284981048,-131.41295116931497,-59.85140201818007,71.04904719265937,-198.29706637862887,-88.02772380803793,35.43089051013703,-1.5666429583228592,-11.4652200864885,109.48122664104073,0.024894070589880357,-21.727552909600433,100.84441935195957,-1.1564418623430583,-61.617292490202715,152.48250289647194,-5.95698188616916,-66.46879990381643,84.48212169550675,-20.751582235881415,-127.34502340424893,41.11475464315481,49.89279751177651,-11.377534546505387,128.40807239190565,48.050664380053604,-13.302087074959047,89.31119558614353,107.91980001221964,-29.906420547682217,95.17591638358613,141.15520500417995,-21.695531356381878,61.53169748217988,194.57157914784216,-37.26821388383149,40.514564932729854,137.1496508049613,25.621290312809094,157.81260405409822,140.90923244949613,6.921678047430817,158.0507110245935,51,0
23,71.63990014758895,1.5466632800194589,153.35780098904786,0.0,0.0,200.0,-121.30547169648833,-6.09378426737112,107.04167706421876,54.74173212277992,13.890136710739739,133.2960819680022,19.153054971378424,14.537536646943238,111.81814167699616,58.95897038914279,56.925256097214,125.91937461351506,35.69022202491146,64.54934459961231,94.0371728476604,36.11001596179369,95.99568339846866,47.88798198496886,0.42562880341563414,11.785336791449595,103.76181317463542,-1.86369585376724,23.59759555178124,113.43760172495126,-19.71216304855102,70.10760740318176,141.16138303445507,3.839029890161214,83.51739478469199,90.96721926819018,15.616500278546596,139.51883613134294,44.52459448498479,-22.876998806183565,4.844625851836781,126.05874195665587,-32.58484371261352,15.88452390708801,103.78481699614514,-90.41489493736049,47.84239323726399,137.1901931827224,-130.4630836257444,49.32376088411627,81.38737009003327,-194.70745450428285,79.17925636430715,47.860868648641826,-21.3631514004893,-9.68745822247189,114.85226745793739,-30.638596748333384,-19.988566328594402,100.48559615792806,-58.23721997225289,-68.86995409379165,132.9190932312515,-107.05919108079786,-63.6711547988607,82.20083129078944,-164.9916376590529,-85.18918482458048,40.62859819765208,-2.1949608253406723,-11.572473424929512,111.28594297599864,-2.638864671320789,-26.114391018686433,101.92231271500918,-6.1917075580465735,-69.07939075698141,143.6160928464136,-15.721079628204393,-72.6993608066216,82.44085627377603,-37.8295160220448,-125.43085147937416,42.75814602546018,58.343430705153764,-13.969560874345348,127.66231901133233,43.609484542057885,-19.537199819392754,91.92187648237234,93.10961439779248,-34.429941115631436,109.7515695031475,128.45829085937294,-28.80574383387568,72.37893104573504,178.9871677703627,-38.82165991822649,43.42812347176891,133.07119679319806,28.019896794085298,158.9589692364732,140.0783945529538,3.3607264035954927,159.31664862819775,52,0
24,73.3844367316492,1.2720124463244815,153.90981998233013,0.0,0.0,200.0,-117.75111262261476,-7.573733166074305,109.38183810355841,55.038842215538125,15.798154418968181,134.47107615394793,17.116631131275426,17.759045850036955,110.04066437919917,59.68560122665167,59.26934599969519,135.75378101040354,34.40729284876852,60.60771485076776,96.43632504712906,25.269927275695068,97.98358365626433,48.39028488988009,-0.7331717585414026,10.254995387599763,105.22540647670536,-1.0231497858851526,22.324483912990388,114.36067539994775,-21.306780156978903,68.31432155947476,138.74436472150728,-1.1749442194789026,84.75215725283414,90.24884725187187,6.293284252224225,140.81590987881094,48.485357798397985,-21.210180319466758,6.875159062675436,126.68012279852505,-31.78671650884837,14.437994281895897,104.43461320489453,-91.91928100597488,45.78933413791009,127.97288416404993,-137.3720877741664,47.82063869814664,82.31079994379621,-203.7798026179164,76.46788601259976,49.790289468365586,-19.444035098221775,-8.934780779735092,118.43176222180682,-21.841463147448394,-19.3008067152104,100.66938878359258,-35.45895881879301,-73.53909270660068,156.11343646202863,-67.21223669994765,-68.47394748349399,92.67453988917214,-120.19589335151409,-120.16944498551874,57.09405013848709,-1.3757498835414026,-10.316842991306487,111.42672468462058,-1.3853324030726526,-22.584970432712737,102.0630944236309,-5.6875033882248545,-74.28816215753722,145.82481807795705,-20.976976216043,-75.32286096727529,79.94257452407555,-51.945978923749635,-131.45748599675704,43.823828830793786,55.94991890431368,-17.53452076979039,128.12633758357663,40.21354148062869,-18.278681378166937,94.6801944243997,86.87958779986548,-39.19462369031584,119.95019341366401,119.4919962735845,-29.858874021361828,80.96503005571378,167.90371260095856,-42.509362691574495,45.97884763028435,138.2540891376375,29.518861436203963,158.37752564020536,141.5283951655049,9.933920028350087,158.51653367557606,53,0
25,72.78279698585311,4.784103425424405,154.3191852877493,0.0,0.0,200.0,-119.78603718275303,-8.818314210475705,109.99001931189906,52.3570798689268,14.686946202582135,135.659064213948,22.074097004351415,18.4840080962486,110.9952731725401,54.35316718784941,45.88633498464469,149.5683988877285,51.57090089514463,62.88842518693866,108.63519035310884,64.43571580402818,96.54909994684829,59.85038441677409,-0.9632659950835887,10.41683557199417,104.07278297732447,-1.8598421743031395,21.214068461952934,112.22230750959437,-21.567063844810036,64.97857869015337,141.42716622188166,-5.71467030664769,81.72285651851234,86.30249144537083,-3.730803278033477,134.548188259158,51.170712623463686,-18.32419764305314,4.918261577187309,120.62316743330604,-30.62650477195939,12.834704448281059,104.92246346491717,-100.69598251254934,44.66609033612997,125.66018322416289,-146.98748720129697,48.12938225560879,83.49878800379628,-212.0571688344594,74.96208481937481,50.74489826170651,-15.64467739935094,-7.968338624538205,113.625428558522,-18.13145682420236,-20.674392731782746,100.20474390555239,-22.769166324010257,-68.4587934510871,151.86371354850917,-45.077811044404825,-62.63664482891659,91.79240320895485,-92.35614245059355,-124.60066868638194,52.64423854169763,-0.4009821377469507,-10.04226280133696,112.1831797774305,-0.9427110636110001,-20.023130218105393,103.09090506551854,-6.219853244231217,-73.62736864191481,147.80892852258455,-23.91081292872184,-76.97966224314462,81.36644160241053,-54.93308436180314,-131.50626845210957,43.94064522194515,50.644001484504315,-10.806963918043152,131.31502287690694,31.240024710965486,-12.425500799837323,96.47887891819369,81.35762608741561,-36.678021381797066,121.92767457539912,105.49861729835311,-28.469098041953316,83.23231942121402,156.6816820513584,-41.610460151522034,46.4338979709662,135.19888839799876,33.05517527698339,157.23015915948116,141.80161359632052,12.94373245766559,157.99302642889495,54,0
26,72.77482825438756,3.3029610621658776,154.64521827200969,0.0,0.0,200.0,-115.0971786925835,-12.972265233986775,106.80706308115701,51.04093050776612,11.81293177609291,139.71367777284973,32.400052078902036,12.19818134586535,102.28439852540814,41.05994611172298,46.371439474397675,157.713218182644,74.0116974859418,47.4260905537692,112.11143981137232,120.3654155077071,72.35080715514118,88.28237065623503,-1.664819717037858,10.430813312807572,104.01021233157101,-2.015954970944108,22.525478840151322,113.11781097846384,-22.577722549069108,64.92007112530757,139.04030712949165,-8.74362003822307,80.336973172515,91.5093284300433,-9.163305609930262,131.34345881052633,44.728228398792396,-18.524194717037858,5.988277912416947,120.82953830859589,-30.589990615475358,10.749691486635697,102.1891082076823,-92.35181223261372,39.58539269227032,124.25400809633598,-146.3565311428191,43.77389192608882,79.26430755339247,-216.7614383693816,72.36169099835445,45.55048379535276,-18.195238998016407,-11.059068675525793,110.98415085710349,-19.956892166591047,-21.671013561053996,97.56346620413387,-27.729683394824406,-68.3865602216905,151.8546753311424,-41.374041152804125,-58.2411198533124,85.31754109824942,-84.12296559577419,-115.20717531328626,43.08346288211021,-2.083398818600358,-10.212008952817428,109.54190207601198,-2.3981710414436748,-20.94215663774105,100.44962736410002,-5.780054092037858,-72.5237460133643,149.56477402620249,-26.941125869381608,-80.4868807789893,77.33845218870704,-62.92136210488445,-137.71748575901927,41.66325852211355,55.64067480900053,-13.10150584071215,134.11351920238315,35.61679649389964,-14.038363933286178,99.1114706869406,80.96658897436839,-38.6286044118018,125.47834179882409,101.26700401343089,-30.641116618833053,83.35348620751017,153.39892015858277,-47.257465914818795,42.88624686191815,140.4113615685461,11.333887065216572,155.20700752174213,135.20148272864992,32.462838037764186,157.7105676689656,55,0
27,72.88218733321787,8.88839712887841,155.90869544744714,0.0,0.0,200.0,-116.1759835038431,-11.44814902949463,104.30082862344189,54.10136366573761,17.952354635788083,134.00990929496967,39.9188327496729,17.91812124997216,98.04269837437212,60.77853793333952,58.53536978512835,143.60659260451501,100.98628898707511,55.2935301398403,114.54328615413397,155.4649266823876,75.99412218085592,107.5569771976289,-0.11919892300227275,10.963984908323027,102.08025158630741,-2.9796492900064777,22.801299805069505,112.3717780384647,-23.029152907456137,66.72251573554342,155.63709707372226,-12.082961364170046,75.30595193610446,95.89364931285684,-16.503671143965676,130.2050512978937,47.73130017546404,-18.659707106674887,4.9282957648403,119.68886276684191,-32.35205282728862,11.395086065532212,100.85111136505091,-95.12045723518736,39.1636083690708,118.00736335598796,-158.79319654687015,44.96983729622889,80.42500218304981,-225.27274132883508,68.8624593540494,46.55704976683569,-15.088967360581137,-11.2179444695347,110.53896899646543,-22.93631569764591,-23.046839251872598,97.744849124251,-35.739330330198186,-70.246915782021,144.97416713588973,-49.458398107015796,-59.549046097536234,86.35758957801033,-92.00126311213012,-120.58140541200135,39.301428450832645,0.20794404018977275,-8.68339542505828,109.53477018968465,-2.7660489581330694,-23.211205559076916,99.56639552915124,-9.89123480075557,-77.12229594569123,144.73909242245782,-30.09892430251159,-84.30716103616373,76.91832678659944,-65.66907722981432,-138.34836250378635,44.28043203976745,51.607396040394974,-12.112701960721097,133.34975405834712,32.597386046376414,-16.743938566043767,100.83238943556535,80.75856681910636,-36.131427135550325,125.80491862508529,104.60591675135788,-34.43823824787955,83.55330467719295,157.05235163469308,-56.20700989718239,42.45227354870826,140.0930025345117,14.95058070531843,159.22779350588416,136.55657784955042,35.13620514455249,158.10661697899366,56,0
28,73.56989804565171,9.280709881596124,158.23466991334976,0.0,0.0,200.0,-115.1853380762899,-12.393141943900162,102.39947117692438,52.51119731618803,15.843938597363831,138.8848598710568,41.79504461109502,17.874201727223976,96.3304889203007,75.51534505386144,62.131198335995634,133.3792738431655,116.98809257566938,65.68412384656853,107.0774398338763,167.8568454270411,101.08401208761762,107.01960219455586,-0.594591700442038,9.437265057377374,101.87247383055194,-4.487536036379538,21.497872967533624,111.3460447794804,-25.421129786379538,63.2803131530805,153.3970533300063,-18.298812156600434,73.61065024309147,92.87455849250387,-26.356477503400697,134.8789710901512,43.59607887633243,-16.090107400373313,0.6186270422558096,118.2509926452006,-29.122145091570587,8.97863252648358,100.478575708535,-104.12407168091079,38.44480289917425,116.5182941830133,-154.00984512440175,40.44920210654078,76.96479520474175,-223.79674013794204,63.190438885502374,46.012976814664626,-16.610504778316,-12.46929378603221,109.84257960083244,-21.784161444210667,-20.02019564884705,97.62105492175101,-43.31238580216075,-72.72789386530445,143.1123633083531,-55.34173067288134,-64.6247499396772,81.36673623388026,-99.49235781372329,-123.27202449340388,35.74206308953478,0.5528763031027211,-10.13218588439031,110.84246397001709,-2.0318630322508398,-23.678945880122626,100.01519651978424,-2.841351111460085,-68.68310906249297,151.20014294098678,-14.620990075692248,-84.7444621862698,89.10532923645803,-41.314315300646285,-148.0305729700338,47.01961380293221,56.81556454955796,-11.463400225825751,131.7944718730147,36.71955624877671,-11.392050128169501,102.71267840903067,76.48944558507094,-36.284644527539,129.97558837108238,97.78301450574645,-35.86032606504517,86.1722414497998,139.24500797302267,-55.98140623694525,40.89699136337583,138.22441869950273,18.371027694720397,164.9060562807711,134.1123803403749,36.93294559357463,165.94332744902454,57,0
29,72.79839295571242,9.905961513312832,158.29211029192078,0.0,0.0,200.0,-116.3238301496965,-16.214287689131424,97.12865766922019,50.4267411463245,20.537726471024882,141.31589106409746,43.08257074013295,26.489175056198576,97.54392100070604,87.9164127870954,65.87022574454983,124.24311346617063,115.44581786468325,69.25443396328654,87.28728722132237,164.62030095949228,105.91348983248702,67.44346400167802,-2.9187788732067474,12.041113922196757,100.95510746384545,-6.8706221349254974,24.319708892899882,111.03747796909155,-27.95949395483626,61.063275818715624,152.78408674145865,-23.45045843550588,71.07856622083756,91.0439927913209,-36.1819073363647,126.90359665844875,39.663663146940564,-19.863854534502252,2.0067782745749696,121.65582473904442,-32.028703189613,12.248602935868632,100.7709966019928,-91.01184262863637,41.8282625131132,129.98795538595465,-135.404435611488,40.99948794563426,83.15229728928429,-206.0993819005505,57.93622500618113,44.91831978080839,-17.46624320648516,-13.975408659045627,105.69744333159917,-23.615861392737997,-24.953026702803243,95.64937230937198,-50.30664511893656,-77.0927992683159,141.73100144228,-64.02724214051341,-69.01727379405719,76.49711541236229,-110.641252017738,-124.31572811881887,31.355431969539836,0.8920731775745026,-12.102318694990743,110.31975046220737,4.9134965174182526,-24.695519378584493,99.73397786273631,1.4533167597198826,-57.991833049367926,156.23181100069348,-1.0103513877235173,-82.12028223817293,94.3784921469263,-10.327707604422699,-151.4797117262978,65.33349865452567,52.67327462117373,-11.319593027947178,137.30912963424464,36.19254827564191,-12.817549326364144,102.91444945350588,78.38437553235792,-38.50742901814732,130.41885426631904,89.21995568648754,-36.14488669693736,86.13251764351332,125.45417679157458,-58.57610320220232,38.200824198711985,133.03210128091882,36.596727390364435,169.16348614276475,137.15143293574522,17.409418400443883,166.9427559855652,58,0
30,69.33908407388662,12.488784467359551,163.29130405904914,0.0,0.0,200.0,-115.01334200132453,-16.628427009542065,95.25457568301614,44.33563498826493,23.467389247920437,140.83572605568943,35.32989768357743,31.139783046748562,97.97412367223103,87.6352003294869,68.55128769574503,120.34906965801372,117.92443394908832,73.86292937587871,80.88973229334962,165.73298247747834,110.03617642192387,56.038886834073594,-3.3120447887607725,11.28824851189404,104.97058531930426,-9.588620382828822,26.907300136592312,111.11926831866691,-34.07250710157882,68.99717440417044,152.30392173305063,-32.37307016303134,81.60339359789356,88.03502867198779,-54.05231991171922,130.9651830972353,43.117185644416,-22.22759743361007,6.662915370967312,120.98157792346538,-34.42846413282882,18.720441005732937,100.29083159358478,-73.57120933813735,49.17835459463856,152.0393904558892,-111.54200299428317,45.20822649845161,93.36895252008941,-173.4130066976445,64.95125062931004,47.169257812199476,-19.97208223569953,-12.250313475767655,114.95140567454075,-26.18322487501632,-22.154833652470188,95.93980445291834,-51.17132301954757,-67.95387540051706,138.70882459909342,-76.26543923048507,-71.82002530286081,69.6976669580115,-129.36663551954757,-121.68959317395456,31.39104704489978,2.442675166478466,-10.704634468508004,107.59587682479764,1.844839682471843,-20.52894015897448,97.97237263105887,-11.282400742609298,-54.24036400449336,153.98907156614996,15.914945561543846,-71.77966677365612,101.27730256683844,39.54925803513993,-146.29457364270456,75.05212039697619,47.74003964265398,-6.9126727985860725,137.45866243509988,35.61865500779618,-10.102709629032688,104.77274813678889,71.78073967241153,-36.856637458760815,138.4287101263418,83.23191393726245,-34.49217302533293,89.01607585625288,106.31756977694045,-56.859481400719915,32.19879982282737,132.23151140887603,20.6910729075895,173.00756761403863,129.6998844106579,40.04450177420205,171.53508008073254,59,0
31,69.38906445212456,12.206970214843693,163.36977168193505,0.0,0.0,200.0,-117.3980821815162,-13.54065896268611,92.89431323511543,48.56655469665702,21.392206546376258,138.42180335305764,44.01826000782694,31.73449944856526,101.0000128624489,87.41329072988754,69.12066708874698,117.35929455376302,110.03601777108065,71.98730771077447,69.38886520432689,147.7451411389551,103.11128370813441,37.49174485028263,-3.3932425779250934,12.616781055287731,101.60253946017482,-8.843540528344192,24.529113769531193,108.50776396929498,-34.65836679807546,68.64741933473698,150.07068813855744,-38.900628432538724,77.77951424146153,82.96476441590394,-66.61193283224907,130.0403856820281,41.98845737833403,-17.849472068111595,1.466903708736595,119.78809858946059,-26.60100488081173,7.849952046579517,100.5243537878529,-62.87015733242197,50.18711713907197,154.7983968239317,-79.51267588010683,41.80963828145008,82.64169300636146,-140.66900452012283,65.51263140397549,44.45629701329938,-17.909458497094192,-12.464172363281307,112.76042868114803,-25.888340333031692,-21.388031005859432,100.73762914104975,-62.198754008107926,-74.71773320372523,132.80765791864053,-87.38119921975044,-74.2615356445313,66.56031922580542,-140.71078281711652,-125.98508413631299,29.370850590739224,2.8039703147007913,-12.594275732621952,108.55946896078319,2.174921193006867,-25.73346362404743,97.67413711529309,-9.916745220045755,-58.51026503586132,152.61851525287886,30.654206735680077,-75.07733847676269,114.22825739446091,69.06203808493706,-152.84436035156256,96.52041187391967,49.57081946886353,-8.768196627054465,139.9995391357744,35.2550645489805,-14.320398487928856,103.84359879514761,71.09449628946265,-35.16909229115862,137.18410387176255,78.80139014372139,-33.61820001160453,89.03329725342496,98.16875116627273,-57.51194482722002,33.16239195881292,129.76651673438755,38.65838290292294,171.1526047744242,135.20531100296807,19.47741341150828,172.39457143544848,60,0
32,69.76794347184546,7.795995324860371,168.00528637121232,0.0,0.0,200.0,-116.55272456984005,-18.986702024833562,92.06743263481464,45.016417592939206,16.10831221939162,136.28248470732527,30.18478071718482,23.93168267592216,104.04412267997378,73.60197523239367,62.9972214102126,125.23648138276633,91.29533287920958,66.88757237809546,74.15839344518211,133.66079390077857,99.44798737762295,41.06307534473973,-4.022585736507949,9.129563715921506,100.22642462591554,-9.180808312511545,22.324586803023863,112.53335971592594,-39.55215096994084,63.62743665936199,152.4753982469333,-46.01348398727612,73.67957775835896,84.60798603741233,-82.26513439381984,123.92811932761776,45.5657393636657,-21.179261117998294,3.542089074860371,118.27072543972758,-28.905845114769477,11.823013266097291,99.34403979737095,-54.77491849770229,43.28956827530607,158.2959572729624,-70.0380214474892,37.84524464942882,94.42482589124657,-127.053374394623,59.828481681939536,41.571048261001835,-16.942261606279544,-12.703455358733379,113.705779768669,-25.012391000810794,-21.703913122405254,94.04587664119492,-68.9999746885942,-76.86700495283884,125.79856696051809,-103.0261849461233,-79.270258337249,62.488960441678046,-156.9347542820608,-128.2742866575615,35.42864686151631,4.488001257170708,-11.23574444656765,112.90679932796684,4.233275503095456,-24.86245194076463,98.32344410763028,5.3970968428265,-79.29019549483866,143.6277865089529,37.827330678876706,-74.768549352874,79.90970547047107,74.43359288590796,-136.2718452513115,32.38334975327825,49.02381351609756,-11.054164856723844,144.57764120409854,30.32543666467018,-16.977585519138017,105.32678936033767,73.1887244415276,-36.60634842599217,123.70964879742871,71.98584474206814,-38.958065409020094,86.51732218517589,75.0028677882517,-62.087397009124004,35.8586750371079,127.84357756378324,34.06734633420979,173.24286979696865,132.28195214230277,16.207281827348936,173.19652463261752,61,0
33,74.0113525390625,7.9935302734375,165.5941021343359,0.0,0.0,200.0,-113.43291748013212,-19.364370116514237,96.79526120553237,52.519676314516346,14.932184925823435,134.2818038681562,35.93622984707417,21.43258995480818,104.95032295862885,71.86612016186052,57.90647598549708,131.98649314629367,85.15884166285605,63.00884854346651,91.9043793500633,121.73507284231573,94.70813567549015,46.377497495212,-3.94677734375,8.566802978515625,101.86550880603357,-7.83013916015625,20.92431640625,115.5137835970529,-37.814023437331684,66.54471679676277,148.56166713742437,-45.61217777811146,74.35344067320375,88.14360653098049,-89.63910551435947,113.46617977715817,46.75661015368809,-17.15142822265625,4.06396484375,120.05810300275076,-25.513122558593864,13.554571532922637,102.75388214898766,-58.781804198152486,43.21075073287068,162.13091509585897,-67.7399658200319,35.91828613225147,94.14819112333217,-134.30934081991984,56.85960327249427,47.77929803377651,-17.193787867621495,-13.042860956497066,111.42615446990908,-23.511371990317798,-21.35712972950057,97.21154332840138,-63.873715550574616,-73.31144905371184,123.33128269515555,-114.9879208629402,-84.05523323943703,65.49973511194014,-169.21932867646547,-134.13874683601694,39.5097004452216,4.2508544921875,-12.24798583984375,110.78841083987106,8.07012939453125,-24.632049560546875,100.1723178527626,8.464111328125,-74.00296020507812,138.45191140895702,36.97607421875,-74.95907592773438,87.56203917161258,65.1978759765625,-136.87088012695312,41.530931385703525,53.48687744140625,-12.3839111328125,139.4883998351355,36.22720587693209,-13.763760919943024,100.79592702415391,74.19007814831946,-35.13412660825168,143.67603054702533,88.62207013599323,-36.50882173485593,108.43361483906108,81.98106275343537,-55.231991851032035,50.79318320795005,137.0253971947725,32.48621089376354,163.82806296720602,142.5232671810628,13.42386814422332,165.1085602884931,62,0
34,71.21121570471678,8.919413015190571,162.62934505200994,0.0,0.0,200.0,-118.00103006748554,-14.290277581553994,99.11241825030635,46.477909000569525,18.84972453290368,136.2380242592406,24.798750577701867,27.72273325544319,104.73653980909756,70.9031604509637,64.70484783114398,130.76004167780843,77.64775493188529,69.39712294000435,85.4699193841005,104.02799774343612,103.24828764972978,44.250865894873215,-3.196112168917807,11.594327529848101,100.5098530833938,-8.972299978080969,24.64822281519423,113.8584856366289,-28.324123650751858,65.63421400445748,149.7998323458603,-43.33496384863588,80.3040097818822,86.19199049226285,-74.64390020398685,116.94687999097448,45.774603573287095,-22.090302936667513,9.970523927281647,121.39067036723924,-30.783479206198763,15.078678224156647,100.49929971299528,-63.143346972616655,50.70198269528521,154.50193395245253,-86.70490877920213,38.393798440556225,86.20283582398426,-150.98564247439322,63.44442345932555,44.707124706835884,-18.046174518698763,-9.646449949671478,113.55266817874576,-26.382478229636263,-18.307338621546478,95.16361307417776,-83.91878111611697,-69.6215749110454,119.47970118534238,-131.45274417317137,-79.55505704253278,66.69462767014545,-188.44463724118964,-129.07403547167257,37.650650345375084,3.400124482819706,-10.000138921739904,108.92625558327688,4.554537216245649,-22.257636487558443,97.79638560877595,4.427492799693482,-70.79533190842938,134.42796024172083,24.144560344582487,-71.8939169906871,81.89972459920034,46.732921428261875,-135.43456262102734,37.86407649036744,48.41983903386745,-7.43273669006544,135.48409860455456,37.25838469910218,-25.541667856154845,101.46004441807315,58.631304173043645,-38.58156851681872,142.3763162997501,90.8429075703491,-23.402239773492283,107.94222198050932,138.5823044852075,-30.862117674280853,79.54225160346289,133.3921446670197,35.65448406883752,165.01732318829173,136.8663944042055,16.40565527943886,163.73784610288715,63,0
35,66.67231304222219,8.528274752268771,161.25299859877254,0.0,0.0,200.0,-121.01887843319128,-10.429650792451923,100.3801315744094,46.30020346351148,19.036186505872706,131.92195845309442,24.724112961974015,32.09439886534949,106.12256769725187,63.21452049079312,59.120956637034396,131.9109518812162,66.12727512608512,68.12689550641801,82.44020087431997,88.22379180536768,104.56892416633127,41.29710795860501,-4.736014456169642,12.395966368077666,101.13667797840793,-6.980496172593121,23.310884511804716,113.74420906926457,-23.207807720932806,56.987803045610804,155.99555289497096,-21.79527395199682,74.70735642942219,100.55977257067957,-33.75565098294874,128.23086337594248,73.83099392786453,-26.776522510741756,8.190357856215257,119.21046071208855,-38.872347706054256,21.771625807128146,99.40074000800189,-76.02552701869797,51.237097254423134,146.93343900631243,-103.40278726292468,43.29926235296955,81.02933364926099,-165.66609717351162,66.16219668120976,42.13711091582789,-20.439076117934064,-7.391067288746854,110.14424867876062,-28.814625434340314,-16.37571694694998,95.5700067531136,-89.44140128363358,-65.43957495178802,117.21265883190529,-136.9899033604371,-73.54937434642113,67.24472169676767,-197.79417865699656,-115.34757973991873,36.740978733983525,0.9548718434626835,-10.331060085564161,111.43757998173191,0.007090874253435686,-20.115127347340604,98.93794481805685,-3.5145766062153143,-68.50553892925802,128.22341300192977,12.84626297400905,-72.51768489607116,88.47785436421452,29.100779809816572,-128.47947650761057,37.87301683387079,45.848702634059464,-6.486448788463406,132.96261837638406,40.18561112009502,-30.65981953864275,98.52417571055412,70.44312603050344,-44.65867593132498,142.53186111309628,103.43452007347219,-32.78092934929373,119.7303985281012,160.18251283522113,-42.22755903875361,108.77275868403194,129.40552843281478,30.032150836058122,161.9876046785112,136.47980815940969,4.732834078440646,165.5393912276411,64,0
36,72.1308445892239,2.842488863948006,152.61066944929564,0.0,0.0,200.0,-117.1013819332627,-9.086205727611457,98.94989197158702,48.04036080245373,15.63833625473876,133.66041520851448,22.494064523933957,22.01404398562977,104.41155576608693,62.60098507988823,57.57948005196096,131.06058986986204,58.18312841175384,71.05429583880596,80.82143359796538,76.51956917567429,107.74178501798843,39.549566771785834,-0.24191884500316974,12.384916007108927,114.04928528789534,-5.2606050400811455,22.84310631093888,105.1591117984785,-24.709891693355644,49.210604012422266,161.0112222217668,-1.117085532495821,86.72743709499588,113.44004920514777,2.4532891183455376,140.05149982304613,95.32695002588534,-18.892473333254998,4.797019008661664,122.43101107778145,-36.036363718434814,18.278776484528862,100.7037123986037,-84.46801685139394,53.28759888452737,141.05833990424526,-115.27064618819634,45.16748770023372,77.59933995761307,-184.5545960695706,69.79943352255691,38.430358838533266,-17.468262438831744,-8.925796156361628,118.5604473286055,-28.931262844113462,-18.229776761051994,99.46552504216368,-85.79507327729539,-62.37178673673429,119.95678948926161,-135.6285715352077,-68.67660627521184,69.74201039705838,-196.39392302801912,-105.10072984296198,35.25866929326526,1.6135388728616817,-11.41948322992073,111.22024132280012,0.7371958518776864,-22.09378554079558,98.62409532827235,-2.8258931381830052,-68.07029273014132,129.69695233943605,8.436198481719202,-69.8945788941287,89.54717788276719,16.004170284280008,-131.1126344811671,40.00885768843193,50.897718312815186,-6.406709355314888,130.35656507052283,42.88375263508863,-19.981826433009815,93.34582180905716,92.19416606672144,-39.45880286117426,132.14446286770067,133.04937902290828,-31.04016438919666,103.29784813710842,193.61410427431167,-48.2255077365312,95.64332089455468,135.93859144804105,27.785478368665963,158.25716892942606,139.24376363334034,7.5822776992542344,161.23229257698551,65,0
